fsa,fsa2
t2z,T2Z
l5e,L5E
a0g,A0G
h9w,H9W
m8w,M8W
t3g,T3G
l4n,L4N
m5v,M5V
l3p,L3P
m1g,M1G
a1a,A1A
b2h,B2H
k6v,K6V
a0j,A0J
l8k,L8K
v2w,V2W
h8p,H8P
t4r,T4R
r3c,R3C
j3y,J3Y
h4a,H4A
a8a,A8A
v0k,V0K
e1a,E1A
v9r,V9R
t8a,T8A
m2n,M2N
n0a,N0A
b1n,B1N
g9n,G9N
k1j,K1J
g9h,G9H
l1j,L1J
m3l,M3L
l5b,L5B
t6j,T6J
a0a,A0A
v3v,V3V
m9r,M9R
t4n,T4N
m2m,M2M
v3k,V3K
m6m,M6M
s4h,S4H
v7c,V7C
j9e,J9E
n6j,N6J
e1e,E1E
j8a,J8A
k9j,K9J
v0j,V0J
h1g,H1G
n8n,N8N
h4w,H4W
l6p,L6P
s6j,S6J
t6j,T6J
n1h,N1H
h2n,H2N
j6e,J6E
l5a,L5A
m9m,M9M
b3h,B3H
a0n,A0N
v1e,V1E
t9w,T9W
a2v,A2V
t2k,T2K
l3z,L3Z
m2h,M2H
m1b,M1B
k0a,K0A
l3x,L3X
p3e,P3E
m6j,M6J
l4z,L4Z
l6l,L6L
e2j,E2J
l5l,L5L
l5r,L5R
h3j,H3J
k2j,K2J
h1y,H1Y
p0b,P0B
m1j,M1J
r5l,R5L
l6c,L6C
v3b,V3B
m3j,M3J
m4c,M4C
m1w,M1W
k1j,K1J
v9r,V9R
s0e,S0E
t3a,T3A
l7r,L7R
m4k,M4K
t3m,T3M
m5n,M5N
m6h,M6H
l7p,L7P
g8v,G8V
t6x,T6X
v8r,V8R
h2x,H2X
g7j,G7J
m5b,M5B
k1p,K1P
p3c,P3C
v6e,V6E
j1j,J1J
h4k,H4K
k2v,K2V
m6k,M6K
v3z,V3Z
c1e,C1E
r3m,R3M
r3l,R3L
r2h,R2H
r1n,R1N
r3x,R3X
r3t,R3T
l0s,L0S
r2w,R2W
r2n,R2N
,
r2m,R2M
r7b,R7B
r3y,R3Y
r1a,R1A
r0l,R0L
m9c,M9C
r2k,R2K
t4t,T4T
e2j,E2J
h4c,H4C
a0b,A0B
l3r,L3R
v3y,V3Y
t6a,T6A
v5j,V5J
n5p,N5P
p7b,P7B
t4p,T4P
e1b,E1B
l7s,L7S
l4t,L4T
m1s,M1S
l2g,L2G
m5r,M5R
n0r,N0R
l5c,L5C
t2r,T2R
n5v,N5V
m1p,M1P
p6c,P6C
s7t,S7T
m1k,M1K
s4s,S4S
k0c,K0C
h2j,H2J
t2a,T2A
t3k,T3K
e1e,E1E
m1n,M1N
m2r,M2R
v9c,V9C
l9h,L9H
m4n,M4N
p6a,P6A
n0p,N0P
t8a,T8A
j9h,J9H
v8m,V8M
a1c,A1C
g5l,G5L
a0n,A0N
p4n,P4N
l1r,L1R
k1v,K1V
n2e,N2E
b4a,B4A
v8s,V8S
l6s,L6S
r2y,R2Y
t6l,T6L
k0l,K0L
v6j,V6J
l5m,L5M
t2x,T2X
m5a,M5A
l7l,L7L
a1b,A1B
s4x,S4X
m8w,M8W
h9j,H9J
m2j,M2J
v2n,V2N
t7x,T7X
v7r,V7R
n6c,N6C
n5r,N5R
b3r,B3R
h3e,H3E
v7w,V7W
s4p,S4P
v2g,V2G
v0e,V0E
n0l,N0L
b2w,B2W
v0n,V0N
l5w,L5W
l4s,L4S
b3m,B3M
t3l,T3L
s7k,S7K
j0k,J0K
v2l,V2L
v0x,V0X
l6c,L6C
v0h,V0H
n4n,N4N
v1t,V1T
v9r,V9R
g0l,G0L
v7j,V7J
v6p,V6P
r3j,R3J
k1v,K1V
v2x,V2X
l9m,L9M
v1z,V1Z
t5t,T5T
s7k,S7K
m1g,M1G
r9a,R9A
n6b,N6B
m6j,M6J
k7k,K7K
m6p,M6P
e2h,E2H
m3j,M3J
h1e,H1E
m3a,M3A
l0r,L0R
t2y,T2Y
j6a,J6A
v2j,V2J
t8l,T8L
n6e,N6E
b1p,B1P
r2p,R2P
r3t,R3T
g9b,G9B
b2x,B2X
l4l,L4L
h4g,H4G
h1e,H1E
m9b,M9B
l4m,L4M
t1b,T1B
n5a,N5A
t5x,T5X
r4a,R4A
s7l,S7L
l1p,L1P
s6h,S6H
m2m,M2M
l6x,L6X
v0r,V0R
k2k,K2K
v2r,V2R
j4w,J4W
b3v,B3V
v2b,V2B
m4p,M4P
b3n,B3N
s0k,S0K
l2m,L2M
n1g,N1G
m6n,M6N
b3k,B3K
v5s,V5S
b2v,B2V
v5s,V5S
v9m,V9M
l6s,L6S
v0c,V0C
k1r,K1R
e3b,E3B
e3b,E3B
v3m,V3M
t3b,T3B
a1e,A1E
n2l,N2L
n2n,N2N
k6k,K6K
t6w,T6W
n3t,N3T
j7v,J7V
s7m,S7M
k0h,K0H
v3e,V3E
g0x,G0X
r2g,R2G
v9w,V9W
l4c,L4C
b0j,B0J
k9h,K9H
m8z,M8Z
l6a,L6A
m6r,M6R
m9w,M9W
l6t,L6T
m6a,M6A
n0c,N0C
v7m,V7M
k0k,K0K
b3a,B3A
t2g,T2G
v9s,V9S
m9r,M9R
m1p,M1P
v4m,V4M
t5t,T5T
m1b,M1B
m9v,M9V
v9v,V9V
t5g,T5G
l5a,L5A
h4m,H4M
p7k,P7K
h2a,H2A
v2n,V2N
t5z,T5Z
m4e,M4E
r3b,R3B
k7g,K7G
n0m,N0M
v5v,V5V
m2n,M2N
r0c,R0C
b2t,B2T
l4e,L4E
e4e,E4E
r2m,R2M
k1y,K1Y
v4r,V4R
k2e,K2E
j1l,J1L
m4e,M4E
l1h,L1H
v5e,V5E
v1c,V1C
v2y,V2Y
b3a,B3A
c0b,C0B
t8n,T8N
k2b,K2B
v6z,V6Z
v2s,V2S
m5c,M5C
t8x,T8X
v3a,V3A
c0a,C0A
v8v,V8V
v7c,V7C
l5n,L5N
v1v,V1V
t3g,T3G
j4h,J4H
l9z,L9Z
l1g,L1G
m9c,M9C
l8g,L8G
v4n,V4N
l8l,L8L
p7k,P7K
t9e,T9E
v6k,V6K
h7w,H7W
k2m,K2M
n2h,N2H
m2k,M2K
g0r,G0R
b3j,B3J
v2l,V2L
b2n,B2N
m1n,M1N
h1r,H1R
t5w,T5W
k9j,K9J
k7k,K7K
l4n,L4N
s6v,S6V
l9n,L9N
e3a,E3A
n2m,N2M
t2r,T2R
s0j,S0J
l6y,L6Y
v2e,V2E
n5z,N5Z
k2p,K2P
v3c,V3C
l5m,L5M
s0n,S0N
n7t,N7T
n7a,N7A
t4b,T4B
b0j,B0J
k9v,K9V
k9a,K9A
m1m,M1M
p1a,P1A
k6j,K6J
l8v,L8V
v1a,V1A
h2e,H2E
t1l,T1L
p7a,P7A
v1v,V1V
k6h,K6H
h4n,H4N
v5g,V5G
v5c,V5C
h3c,H3C
l9e,L9E
v3j,V3J
e4y,E4Y
m3n,M3N
l7l,L7L
v3s,V3S
m8v,M8V
n1r,N1R
j5w,J5W
k6h,K6H
l7t,L7T
m5v,M5V
t2x,T2X
k1l,K1L
l6z,L6Z
l6v,L6V
s0a,S0A
v2e,V2E
m4y,M4Y
l8r,L8R
l0b,L0B
k1i,K1I
h4a,H4A
k7v,K7V
l6e,L6E
l6p,L6P
s4w,S4W
j4k,J4K
v2a,V2A
l4s,L4S
v5r,V5R
l4a,L4A
m5c,M5C
l1b,L1B
n5w,N5W
m8y,M8Y
k8v,K8V
t6e,T6E
j3v,J3V
n1t,N1T
b4v,B4V
k1c,K1C
t6r,T6R
t6c,T6C
m6l,M6L
t1c,T1C
k7a,K7A
v7m,V7M
l7s,L7S
m6s,M6S
m9a,M9A
l4g,L4G
l6h,L6H
t5r,T5R
t9v,T9V
s4t,S4T
t2e,T2E
v7n,V7N
t3k,T3K
t5p,T5P
m1l,M1L
t0c,T0C
h2g,H2G
t5l,T5L
k1t,K1T
h1g,H1G
h4b,H4B
h3l,H3L
v1r,V1R
t5z,T5Z
t2w,T2W
h3m,H3M
v7l,V7L
k7m,K7M
n2a,N2A
t6h,T6H
h2t,H2T
b0p,B0P
v6g,V6G
h4v,H4V
t0a,T0A
t4h,T4H
h9r,H9R
m3h,M3H
m4w,M4W
t4t,T4T
v5h,V5H
m4l,M4L
h1v,H1V
j4x,J4X
t3h,T3H
v3r,V3R
v6y,V6Y
m6g,M6G
k4a,K4A
r1c,R1C
h9b,H9B
v8t,V8T
t0m,T0M
e2a,E2A
j8v,J8V
v5h,V5H
v1s,V1S
a1y,A1Y
v5k,V5K
r2n,R2N
r0k,R0K
g4r,G4R
r0a,R0A
r2j,R2J
a2h,A2H
v2b,V2B
r3b,R3B
l4h,L4H
m1s,M1S
e5t,E5T
n2m,N2M
h8p,H8P
j7z,J7Z
k0l,K0L
m1r,M1R
g5a,G5A
t6k,T6K
k0m,K0M
v3t,V3T
g0a,G0A
t5h,T5H
a1n,A1N
a1g,A1G
n9y,N9Y
l6h,L6H
l3t,L3T
l8e,L8E
n4x,N4X
m5r,M5R
b3p,B3P
l4p,L4P
v3b,V3B
l7m,L7M
t5k,T5K
e3z,E3Z
l8k,L8K
l9s,L9S
m6h,M6H
s6h,S6H
p7c,P7C
r2p,R2P
r2k,R2K
v4g,V4G
p7e,P7E
g9h,G9H
a1l,A1L
l5v,L5V
v5a,V5A
k1r,K1R
v6m,V6M
t8v,T8V
a1k,A1K
n3r,N3R
l3p,L3P
v3m,V3M
v8a,V8A
v9n,V9N
n2p,N2P
l9g,L9G
m6c,M6C
j6n,J6N
l3y,L3Y
h4b,H4B
k1s,K1S
n1l,N1L
e2e,E2E
v3c,V3C
k2b,K2B
n9k,N9K
n9a,N9A
b2h,B2H
n3r,N3R
e2g,E2G
n6k,N6K
v5z,V5Z
h1t,H1T
t6w,T6W
k1t,K1T
n3s,N3S
l9c,L9C
s4v,S4V
j0b,J0B
m2l,M2L
r2c,R2C
v3h,V3H
g0k,G0K
g8t,G8T
b5g,B5G
j8x,J8X
r2v,R2V
k7v,K7V
v9z,V9Z
l6r,L6R
b0n,B0N
t1y,T1Y
n6e,N6E
v3c,V3C
m1t,M1T
n6g,N6G
n8s,N8S
m1k,M1K
l0s,L0S
k1w,K1W
t4b,T4B
h1b,H1B
m1e,M1E
a1n,A1N
v4w,V4W
e8e,E8E
t5y,T5Y
t8h,T8H
k4c,K4C
v3s,V3S
v1y,V1Y
b0n,B0N
1t8,1T8
b0w,B0W
t1k,T1K
b1y,B1Y
v5y,V5Y
n1r,N1R
p7g,P7G
t2b,T2B
h9h,H9H
m1x,M1X
n5y,N5Y
j1e,J1E
v3w,V3W
t6e,T6E
l6m,L6M
t3h,T3H
t1k,T1K
m2k,M2K
r2x,R2X
h3c,H3C
n0b,N0B
v4b,V4B
b0s,B0S
l1s,L1S
v8s,V8S
l2a,L2A
l0p,L0P
k8p,K8P
h2j,H2J
h3h,H3H
n2t,N2T
r0j,R0J
m5e,M5E
p0h,P0H
h3s,H3S
t8c,T8C
v1k,V1K
m4s,M4S
v5p,V5P
h1a,H1A
v8b,V8B
n5r,N5R
n7v,N7V
k2t,K2T
l5r,L5R
m2l,M2L
 4m, 4M
t2v,T2V
n1e,N1E
v1r,V1R
l7a,L7A
t0b,T0B
l8h,L8H
e8k,E8K
p4n,P4N
v1n,V1N
1e0,1E0
n6m,N6M
g0c,G0C
b1l,B1L
m1b,M1B
l9a,L9A
t5l,T5L
v2j,V2J
h4v,H4V
g0w,G0W
n5x,N5X
v1l,V1L
k4b,K4B
v7t,V7T
l4x,L4X
s4n,S4N
h7v,H7V
s0h,S0H
l2s,L2S
j0j,J0J
m3a,M3A
v5k,V5K
n8x,N8X
v6v,V6V
a0c,A0C
t0b,T0B
v5z,V5Z
v4n,V4N
r7c,R7C
b3z,B3Z
j5r,J5R
n6k,N6K
h2s,H2S
m1c,M1C
n6a,N6A
j9t,J9T
a1v,A1V
t9v,T9V
t0h,T0H
h3y,H3Y
t6b,T6B
l2v,L2V
h4g,H4G
e3c,E3C
m4a,M4A
j6k,J6K
m1r,M1R
n0g,N0G
k2g,K2G
v8l,V8L
e7c,E7C
r0e,R0E
s0g,S0G
t5a,T5A
l0b,L0B
m1v,M1V
m6p,M6P
l8p,L8P
s4n,S4N
v9g,V9G
v3y,V3Y
k0m,K0M
v7e,V7E
j8p,J8P
t1v,T1V
t6h,T6H
a0a,A0A
v9t,V9T
s7c,S7C
l2p,L2P
p3p,P3P
t6v,T6V
t2j,T2J
s0k,S0K
n6g,N6G
e7h,E7H
j3b,J3B
h1p,H1P
s0k,S0K
t2y,T2Y
t7a,T7A
k4a,K4A
n0e,N0E
m1h,M1H
v8w,V8W
s7v,S7V
v6h,V6H
k6j,K6J
v2a,V2A
l4b,L4B
v9l,V9L
b4n,B4N
v2s,V2S
n0k,N0K
v3a,V3A
t3r,T3R
t0l,T0L
p1l,P1L
m3b,M3B
e4l,E4L
r2l,R2L
v1x,V1X
v2y,V2Y
v3e,V3E
k2h,K2H
h2e,H2E
n9e,N9E
v3r,V3R
g1c,G1C
h4v,H4V
n4t,N4T
t1k,T1K
j3z,J3Z
t5r,T5R
v6m,V6M
k1a,K1A
h7g,H7G
l9r,L9R
k4r,K4R
b2n,B2N
b0e,B0E
m5s,M5S
l2e,L2E
l0j,L0J
n7l,N7L
r3e,R3E
t2p,T2P
t1p,T1P
n4k,N4K
k6h,K6H
l3r,L3R
v6e,V6E
b3s,B3S
v0k,V0K
t5c,T5C
h2v,H2V
t4x,T4X
l3x,L3X
l5b,L5B
r2e,R2E
m5m,M5M
p1b,P1B
t6g,T6G
l1a,L1A
m4g,M4G
k0c,K0C
b1a,B1A
t5t,T5T
a1g,A1G
c1e,C1E
m1j,M1J
j0g,J0G
h7m,H7M
v5a,V5A
m8x,M8X
r6m,R6M
m9n,M9N
r2r,R2R
s4r,S4R
v9p,V9P
t4s,T4S
h8s,H8S
t5w,T5W
v2z,V2Z
j4w,J4W
v6x,V6X
t9k,T9K
h1k,H1K
t0h,T0H
t3m,T3M
v9b,V9B
v7a,V7A
r0k,R0K
h8z,H8Z
j0x,J0X
v3n,V3N
h9e,H9E
t4h,T4H
j7w,J7W
j8x,J8X
g1n,G1N
e4g,E4G
t3j,T3J
v6t,V6T
t2g,T2G
v8p,V8P
v5x,V5X
s6h,S6H
v0p,V0P
v3h,V3H
h3x,H3X
j2g,J2G
a0l,A0L
j2y,J2Y
l1v,L1V
e4z,E4Z
j0s,J0S
a0b,A0B
j9x,J9X
a0h,A0H
g1j,G1J
v5n,V5N
g0m,G0M
j8t,J8T
h9s,H9S
r3j,R3J
v5h,V5H
e8c,E8C
b0t,B0T
j7k,J7K
h1b,H1B
j7r,J7R
v3n,V3N
g2e,G2E
h1k,H1K
b0m,B0M
e3n,E3N
g9a,G9A
g6p,G6P
b2a,B2A
h4r,H4R
c1n,C1N
j6w,J6W
e2s,E2S
t0j,T0J
j0n,J0N
j0x,J0X
h3k,H3K
h8z,H8Z
j1x,J1X
h2k,H2K
h2n,H2N
j9j,J9J
h9h,H9H
g5z,G5Z
h2t,H2T
h1j,H1J
j0n,J0N
j0a,J0A
h7n,H7N
h9r,H9R
h1x,H1X
j4z,J4Z
j8l,J8L
j7y,J7Y
g8c,G8C
h2l,H2L
k1k,K1K
g1h,G1H
j9h,J9H
g6l,G6L
g5l,G5L
j0z,J0Z
j4x,J4X
h2k,H2K
h3w,H3W
g0a,G0A
h1z,H1Z
g5y,G5Y
j4y,J4Y
h2l,H2L
h3w,H3W
j0e,J0E
h9p,H9P
h8p,H8P
j2k,J2K
g0k,G0K
j8y,J8Y
j4r,J4R
j6y,J6Y
h3z,H3Z
j3y,J3Y
h4l,H4L
g8a,G8A
l0a,L0A
v5x,V5X
l6z,L6Z
n0h,N0H
h7x,H7X
n7m,N7M
m6c,M6C
j7v,J7V
n5x,N5X
r3n,R3N
s0g,S0G
j2j,J2J
t4a,T4A
k7p,K7P
k8n,K8N
g1k,G1K
k2r,K2R
p3e,P3E
t8r,T8R
p0n,P0N
m1w,M1W
k1b,K1B
r5a,R5A
m3a,M3A
l0l,L0L
l4y,L4Y
n8w,N8W
l5g,L5G
g2c,G2C
k1h,K1H
r2j,R2J
n0g,N0G
m4g,M4G
t5h,T5H
m4s,M4S
m3c,M3C
g2j,G2J
l8v,L8V
t1j,T1J
l9w,L9W
n0l,N0L
h1x,H1X
h7r,H7R
l9x,L9X
p8t,P8T
n3r,N3R
m6s,M6S
l9t,L9T
v5n,V5N
l1x,L1X
r5g,R5G
mvj,MVJ
p1p,P1P
m5j,M5J
k7r,K7R
l4j,L4J
s4p,S4P
p8n,P8N
n6h,N6H
l5h,L5H
l3v,L3V
j7v,J7V
n5p,N5P
p6a,P6A
r3g,R3G
p7c,P7C
v4r,V4R
j0k,J0K
l1g,L1G
p0a,P0A
l7t,L7T
l8b,L8B
r3r,R3R
p2a,P2A
p0m,P0M
k0e,K0E
s7h,S7H
n4l,N4L
l1k,L1K
m3c,M3C
j0h,J0H
h8n,H8N
m1k,M1K
p0j,P0J
m4m,M4M
k7l,K7L
l0m,L0M
k1g,K1G
r0e,R0E
v4l,V4L
m1m,M1M
n0r,N0R
p3b,P3B
t1h,T1H
l4x,L4X
n9g,N9G
j0r,J0R
r0g,R0G
l3t,L3T
l5n,L5N
g0n,G0N
v7k,V7K
k6a,K6A
l6b,L6B
n6a,N6A
m6g,M6G
t2h,T2H
l1c,L1C
l2t,L2T
m9w,M9W
n2n,N2N
n5z,N5Z
t3k,T3K
l7g,L7G
l5n,L5N
n8a,N8A
k1e,K1E
m6e,M6E
k1h,K1H
l0g,L0G
l0r,L0R
n8y,N8Y
n0c,N0C
m4x,M4X
h3e,H3E
p0p,P0P
h1n,H1N
n5l,N5L
t5m,T5M
n9j,N9J
j9y,J9Y
v7s,V7S
m3m,M3M
l1n,L1N
v2k,V2K
p3y,P3Y
m4c,M4C
v2p,V2P
n3a,N3A
s7n,S7N
m5t,M5T
s4x,S4X
h9g,H9G
l7e,L7E
k4k,K4K
p2n,P2N
r3x,R3X
s7t,S7T
v1m,V1M
k7h,K7H
r3x,R3X
s7s,S7S
m4p,M4P
k0j,K0J
k2w,K2W
v3l,V3L
l9y,L9Y
t4g,T4G
h1m,H1M
r3p,R3P
p0w,P0W
l8m,L8M
m2r,M2R
t1a,T1A
h8r,H8R
s9h,S9H
n0b,N0B
v5x,V5X
h7g,H7G
t2e,T2E
j0p,J0P
j2j,J2J
j6t,J6T
h9g,H9G
j5a,J5A
g0m,G0M
g7a,G7A
h8n,H8N
h4g,H4G
j4t,J4T
h3n,H3N
j2c,J2C
g0s,G0S
j2k,J2K
j3l,J3L
h9a,H9A
h2c,H2C
h2r,H2R
h3g,H3G
j4v,J4V
j0t,J0T
h1w,H1W
h4e,H4E
t6r,T6R
k0a,K0A
j0x,J0X
j7j,J7J
j7t,J7T
g7h,G7H
h2g,H2G
j8r,J8R
j6k,J6K
h2h,H2H
h4e,H4E
h9c,H9C
j8t,J8T
g0p,G0P
g5h,G5H
g8y,G8Y
h8s,H8S
j1t,J1T
j6e,J6E
g2c,G2C
h1s,H1S
2y9,2Y9
h9j,H9J
j6x,J6X
h8t,H8T
j2x,J2X
h7t,H7T
j3e,J3E
j5v,J5V
j4x,J4X
h7e,H7E
j8g,J8G
j4j,J4J
g1b,G1B
h3n,H3N
j5y,J5Y
j4g,J4G
h9s,H9S
g3g,G3G
j2s,J2S
j4k,J4K
h1h,H1H
j3a,J3A
h7l,H7L
j6k,J6K
g2k,G2K
h1v,H1V
j4b,J4B
j4g,J4G
g3a,G3A
j3g,J3G
h1n,H1N
j8b,J8B
h4h,H4H
h3x,H3X
g5r,G5R
j6z,J6Z
j3p,J3P
h7<,H7<
h9b,H9B
j7a,J7A
j4n,J4N
j5j,J5J
h4l,H4L
g1v,G1V
h4x,H4X
g1b,G1B
j9h,J9H
j3v,J3V
h7v,H7V
j7m,J7M
l1v,L1V
m4j,M4J
h4a,H4A
k8h,K8H
h2a,H2A
h2w,H2W
l6e,L6E
k7m,K7M
r1c,R1C
k2h,K2H
n8n,N8N
l6m,L6M
v9j,V9J
t5y,T5Y
t7e,T7E
k9v,K9V
m5j,M5J
v2z,V2Z
p6c,P6C
t4c,T4C
t6k,T6K
h9a,H9A
h2r,H2R
j4b,J4B
0c2,0C2
t2n,T2N
